variant,N,Q,beta,d_km,rho,x_r_argmax,kappa_ground,gap,imfrac,imfrac_ownmax,kappa_source,imfrac_source,washout_gap,p_kappa_floor,p_imfrac_floor,p_gap_raw,p_gap_scaled,near_deg_raw,near_deg_scaled,cell_class_raw,cell_class_scaled
primary,64,5.0,0.05,100.0,0.7,68.2024,0.4227,1.585209e-20,0.5410,0.5410,0.6285,0.6896,0.2056,0.0001,0.0001,1.0000,0.0001,True,False,holds,holds
primary,64,5.0,0.05,100.0,0.85,68.2024,0.4232,1.579520e-20,0.5419,0.5419,0.6278,0.6904,0.2047,0.0001,0.0001,1.0000,0.0001,True,False,holds,holds
primary,64,5.0,0.05,100.0,0.95,68.0000,0.4235,1.577873e-20,0.5424,0.5424,0.6277,0.6909,0.2042,0.0001,0.0001,1.0000,0.0001,True,False,holds,holds
primary,64,5.0,0.05,150.0,0.7,68.0000,0.5008,2.440707e-21,0.6105,0.6105,0.6565,0.6964,0.1564,0.0001,0.0001,1.0000,0.0001,True,False,holds,holds
primary,64,5.0,0.05,150.0,0.85,68.0000,0.5015,2.419951e-21,0.6126,0.6126,0.6566,0.6990,0.1551,0.0001,0.0001,1.0000,0.0001,True,False,holds,holds
primary,64,5.0,0.05,150.0,0.95,68.0000,0.5020,2.441586e-21,0.6137,0.6137,0.6564,0.6999,0.1544,0.0001,0.0001,1.0000,0.0001,True,False,holds,holds
primary,64,5.0,0.05,250.0,0.7,68.0000,0.5704,2.973987e-22,0.6550,0.6550,0.6776,0.6957,0.1081,0.0001,0.0001,1.0000,0.0001,True,False,holds,holds
primary,64,5.0,0.05,250.0,0.85,68.0000,0.5718,2.955251e-22,0.6603,0.6603,0.6778,0.7017,0.1059,0.0001,0.0001,1.0000,0.0001,True,False,holds,holds
primary,64,5.0,0.05,250.0,0.95,68.0000,0.5729,3.002584e-22,0.6631,0.6631,0.6775,0.7039,0.1049,0.0001,0.0001,1.0000,0.0001,True,False,holds,holds
primary,64,5.0,0.1,100.0,0.7,68.0000,0.4777,6.010979e-21,0.5910,0.5910,0.6707,0.6997,0.1929,0.0001,0.0001,1.0000,0.0001,True,False,holds,holds
primary,64,5.0,0.1,100.0,0.85,68.2024,0.4790,5.975468e-21,0.5936,0.5936,0.6705,0.7022,0.1914,0.0001,0.0001,1.0000,0.0001,True,False,holds,holds
primary,64,5.0,0.1,100.0,0.95,68.2024,0.4797,5.921509e-21,0.5949,0.5949,0.6703,0.7031,0.1905,0.0001,0.0001,1.0000,0.0001,True,False,holds,holds
primary,64,5.0,0.1,150.0,0.7,68.3035,0.5409,8.783375e-22,0.6360,0.6360,0.6845,0.6967,0.1434,0.0001,0.0001,1.0000,0.0001,True,False,holds,holds
primary,64,5.0,0.1,150.0,0.85,68.3035,0.5429,8.690442e-22,0.6417,0.6417,0.6845,0.7028,0.1412,0.0001,0.0001,1.0000,0.0001,True,False,holds,holds
primary,64,5.0,0.1,150.0,0.95,68.3035,0.5445,8.690578e-22,0.6450,0.6450,0.6846,0.7050,0.1401,0.0001,0.0001,1.0000,0.0001,True,False,holds,holds
primary,64,5.0,0.1,250.0,0.7,70.5295,0.5913,1.019088e-22,0.6535,0.6535,0.6784,0.6846,0.0878,0.0001,0.0001,1.0000,0.0001,True,False,holds,holds
primary,64,5.0,0.1,250.0,0.85,68.5059,0.6002,9.782831e-23,0.6617,0.6681,0.6927,0.6914,0.0930,0.0001,0.0001,1.0000,0.0001,True,False,holds,holds
primary,64,5.0,0.1,250.0,0.95,68.5059,0.6051,9.780407e-23,0.6761,0.6761,0.6948,0.7033,0.0892,0.0001,0.0001,1.0000,0.0001,True,False,holds,holds
primary,64,5.0,0.2,100.0,0.7,68.2024,0.5069,1.902952e-21,0.6103,0.6103,0.6961,0.6986,0.1900,0.0001,0.0001,1.0000,0.0001,True,False,holds,holds
primary,64,5.0,0.2,100.0,0.85,68.2024,0.5102,1.882968e-21,0.6174,0.6174,0.6971,0.7042,0.1867,0.0001,0.0001,1.0000,0.0001,True,False,holds,holds
primary,64,5.0,0.2,100.0,0.95,68.2024,0.5122,1.873593e-21,0.6212,0.6212,0.6972,0.7062,0.1852,0.0001,0.0001,1.0000,0.0001,True,False,holds,holds
primary,64,5.0,0.2,150.0,0.7,68.3035,0.5600,2.561020e-22,0.6201,0.6307,0.6723,0.6709,0.1133,0.0001,0.0001,1.0000,0.0001,True,False,holds,holds
primary,64,5.0,0.2,150.0,0.85,68.3035,0.5733,2.585900e-22,0.6490,0.6490,0.6713,0.6927,0.0989,0.0001,0.0001,1.0000,0.0001,True,False,holds,holds
primary,64,5.0,0.2,150.0,0.95,68.3035,0.5795,2.567020e-22,0.6632,0.6632,0.6707,0.7011,0.0912,0.0001,0.0001,1.0000,0.0001,True,False,holds,holds
primary,64,5.0,0.2,250.0,0.7,68.5059,0.6438,2.432287e-23,0.6070,0.6123,0.5600,0.6138,-0.0859,0.0001,0.0001,1.0000,0.0001,True,False,holds,holds
primary,64,5.0,0.2,250.0,0.85,68.5059,0.6702,2.433003e-23,0.6644,0.6655,0.5540,0.6366,-0.1157,0.0001,0.0001,1.0000,0.0001,True,False,holds,holds
primary,64,5.0,0.2,250.0,0.95,68.5059,0.6815,2.466121e-23,0.6936,0.6936,0.5497,0.6457,-0.1314,0.0001,0.0001,1.0000,0.0001,True,False,holds,holds
primary,64,10.0,0.05,100.0,0.7,68.2024,0.4776,5.941569e-21,0.5910,0.5910,0.6709,0.6998,0.1928,0.0001,0.0001,1.0000,0.0001,True,False,holds,holds
primary,64,10.0,0.05,100.0,0.85,68.0000,0.4790,5.949188e-21,0.5937,0.5937,0.6702,0.7021,0.1914,0.0001,0.0001,1.0000,0.0001,True,False,holds,holds
primary,64,10.0,0.05,100.0,0.95,68.0000,0.4798,5.968413e-21,0.5950,0.5950,0.6701,0.7031,0.1905,0.0001,0.0001,1.0000,0.0001,True,False,holds,holds
primary,64,10.0,0.05,150.0,0.7,68.3035,0.5407,8.715245e-22,0.6358,0.6358,0.6842,0.6967,0.1441,0.0001,0.0001,1.0000,0.0001,True,False,holds,holds
primary,64,10.0,0.05,150.0,0.85,68.3035,0.5429,8.625211e-22,0.6417,0.6417,0.6844,0.7027,0.1411,0.0001,0.0001,1.0000,0.0001,True,False,holds,holds
primary,64,10.0,0.05,150.0,0.95,68.3035,0.5445,8.694904e-22,0.6450,0.6450,0.6845,0.7050,0.1400,0.0001,0.0001,1.0000,0.0001,True,False,holds,holds
primary,64,10.0,0.05,250.0,0.7,71.0353,0.5903,1.033918e-22,0.6538,0.6538,0.6829,0.6853,0.0934,0.0001,0.0001,1.0000,0.0001,True,False,holds,holds
primary,64,10.0,0.05,250.0,0.85,68.5059,0.6006,9.810568e-23,0.6620,0.6684,0.6929,0.6921,0.0930,0.0001,0.0001,1.0000,0.0001,True,False,holds,holds
primary,64,10.0,0.05,250.0,0.95,68.5059,0.6061,9.927287e-23,0.6767,0.6767,0.6946,0.7033,0.0890,0.0001,0.0001,1.0000,0.0001,True,False,holds,holds
primary,64,10.0,0.1,100.0,0.7,68.2024,0.5062,1.888878e-21,0.6097,0.6097,0.6959,0.6986,0.1904,0.0001,0.0001,1.0000,0.0001,True,False,holds,holds
primary,64,10.0,0.1,100.0,0.85,68.2024,0.5102,1.885731e-21,0.6174,0.6174,0.6971,0.7043,0.1867,0.0001,0.0001,1.0000,0.0001,True,False,holds,holds
primary,64,10.0,0.1,100.0,0.95,68.2024,0.5123,1.881832e-21,0.6213,0.6213,0.6973,0.7062,0.1852,0.0001,0.0001,1.0000,0.0001,True,False,holds,holds
primary,64,10.0,0.1,150.0,0.7,68.3035,0.5585,2.569321e-22,0.6187,0.6306,0.6711,0.6709,0.1112,0.0001,0.0001,1.0000,0.0001,True,False,holds,holds
primary,64,10.0,0.1,150.0,0.85,68.3035,0.5724,2.577311e-22,0.6483,0.6483,0.6705,0.6925,0.0967,0.0001,0.0001,1.0000,0.0001,True,False,holds,holds
primary,64,10.0,0.1,150.0,0.95,68.3035,0.5792,2.586329e-22,0.6631,0.6631,0.6707,0.7011,0.0911,0.0001,0.0001,1.0000,0.0001,True,False,holds,holds
primary,64,10.0,0.1,250.0,0.7,68.5059,0.6443,2.430738e-23,0.6074,0.6105,0.5595,0.6134,-0.0838,0.0001,0.0001,1.0000,0.0001,True,False,holds,holds
primary,64,10.0,0.1,250.0,0.85,68.5059,0.6682,2.455711e-23,0.6645,0.6651,0.5541,0.6370,-0.1155,0.0001,0.0001,1.0000,0.0001,True,False,holds,holds
primary,64,10.0,0.1,250.0,0.95,68.5059,0.6812,2.459966e-23,0.6935,0.6935,0.5504,0.6462,-0.1301,0.0001,0.0001,1.0000,0.0001,True,False,holds,holds
primary,64,10.0,0.2,100.0,0.7,68.2024,0.5355,4.917272e-22,0.6066,0.6066,0.6168,0.6681,0.0801,0.0001,0.0001,1.0000,0.0001,True,False,holds,holds
primary,64,10.0,0.2,100.0,0.85,68.2024,0.5540,4.795063e-22,0.6375,0.6375,0.6131,0.6785,0.0605,0.0001,0.0001,1.0000,0.0001,True,False,holds,holds
primary,64,10.0,0.2,100.0,0.95,68.2024,0.5609,4.772855e-22,0.6522,0.6522,0.6117,0.6829,0.0510,0.0001,0.0001,1.0000,0.0001,True,False,holds,holds
primary,64,10.0,0.2,150.0,0.7,68.3035,0.6276,5.626907e-23,0.6035,0.6057,0.5096,0.6029,-0.1164,0.0001,0.0001,1.0000,0.0001,True,False,holds,holds
primary,64,10.0,0.2,150.0,0.85,68.3035,0.6528,5.614935e-23,0.6603,0.6616,0.4993,0.6047,-0.1560,0.0001,0.0001,1.0000,0.0001,True,False,holds,holds
primary,64,10.0,0.2,150.0,0.95,68.3035,0.6664,5.594103e-23,0.6909,0.6909,0.4952,0.6064,-0.1704,0.0001,0.0001,1.0000,0.0001,True,False,holds,holds
primary,64,10.0,0.2,250.0,0.7,76.6001,0.6372,4.819843e-24,0.5439,0.5681,0.3666,0.4892,-0.2683,0.0001,0.0001,1.0000,0.0001,True,False,holds,holds
primary,64,10.0,0.2,250.0,0.85,59.3999,0.6165,3.482994e-24,0.6053,0.6190,0.3484,0.4613,-0.2684,0.0001,0.0001,1.0000,0.0001,True,False,holds,holds
primary,64,10.0,0.2,250.0,0.95,59.3999,0.6111,3.588027e-24,0.6597,0.6597,0.3378,0.4484,-0.2744,0.0001,0.0001,1.0000,0.0001,True,False,holds,holds
primary,64,20.0,0.05,100.0,0.7,68.2024,0.5065,1.905507e-21,0.6101,0.6101,0.6964,0.6986,0.1896,0.0001,0.0001,1.0000,0.0001,True,False,holds,holds
primary,64,20.0,0.05,100.0,0.85,68.2024,0.5101,1.880233e-21,0.6173,0.6173,0.6966,0.7042,0.1867,0.0001,0.0001,1.0000,0.0001,True,False,holds,holds
primary,64,20.0,0.05,100.0,0.95,68.2024,0.5122,1.904030e-21,0.6212,0.6212,0.6974,0.7062,0.1852,0.0001,0.0001,1.0000,0.0001,True,False,holds,holds
primary,64,20.0,0.05,150.0,0.7,68.3035,0.5608,2.601858e-22,0.6207,0.6309,0.6708,0.6704,0.1112,0.0001,0.0001,1.0000,0.0001,True,False,holds,holds
primary,64,20.0,0.05,150.0,0.85,68.3035,0.5726,2.535482e-22,0.6482,0.6482,0.6715,0.6929,0.0988,0.0001,0.0001,1.0000,0.0001,True,False,holds,holds
primary,64,20.0,0.05,150.0,0.95,68.3035,0.5794,2.549921e-22,0.6631,0.6631,0.6710,0.7011,0.0920,0.0001,0.0001,1.0000,0.0001,True,False,holds,holds
primary,64,20.0,0.05,250.0,0.7,68.5059,0.6459,2.416145e-23,0.6076,0.6143,0.5608,0.6136,-0.0838,0.0001,0.0001,1.0000,0.0001,True,False,holds,holds
primary,64,20.0,0.05,250.0,0.85,68.5059,0.6686,2.453859e-23,0.6646,0.6649,0.5532,0.6368,-0.1168,0.0001,0.0001,1.0000,0.0001,True,False,holds,holds
primary,64,20.0,0.05,250.0,0.95,68.5059,0.6803,2.456510e-23,0.6936,0.6936,0.5499,0.6458,-0.1316,0.0001,0.0001,1.0000,0.0001,True,False,holds,holds
primary,64,20.0,0.1,100.0,0.7,68.2024,0.5364,4.864414e-22,0.6064,0.6064,0.6162,0.6679,0.0792,0.0001,0.0001,1.0000,0.0001,True,False,holds,holds
primary,64,20.0,0.1,100.0,0.85,68.2024,0.5533,4.820894e-22,0.6373,0.6373,0.6131,0.6786,0.0598,0.0001,0.0001,1.0000,0.0001,True,False,holds,holds
primary,64,20.0,0.1,100.0,0.95,68.2024,0.5609,4.813554e-22,0.6523,0.6523,0.6113,0.6827,0.0501,0.0001,0.0001,1.0000,0.0001,True,False,holds,holds
primary,64,20.0,0.1,150.0,0.7,68.3035,0.6258,5.616081e-23,0.6028,0.6062,0.5093,0.6027,-0.1169,0.0001,0.0001,1.0000,0.0001,True,False,holds,holds
primary,64,20.0,0.1,150.0,0.85,68.3035,0.6541,5.533295e-23,0.6612,0.6613,0.5001,0.6053,-0.1543,0.0001,0.0001,1.0000,0.0001,True,False,holds,holds
primary,64,20.0,0.1,150.0,0.95,68.3035,0.6661,5.594173e-23,0.6907,0.6907,0.4944,0.6057,-0.1726,0.0001,0.0001,1.0000,0.0001,True,False,holds,holds
primary,64,20.0,0.1,250.0,0.7,76.6001,0.6372,4.849113e-24,0.5450,0.5687,0.3679,0.4904,-0.2709,0.0001,0.0001,1.0000,0.0001,True,False,holds,holds
primary,64,20.0,0.1,250.0,0.85,59.3999,0.6159,3.488571e-24,0.6063,0.6219,0.3472,0.4602,-0.2682,0.0001,0.0001,1.0000,0.0001,True,False,holds,holds
primary,64,20.0,0.1,250.0,0.95,59.3999,0.6109,3.536767e-24,0.6596,0.6596,0.3384,0.4490,-0.2725,0.0001,0.0001,1.0000,0.0001,True,False,holds,holds
primary,64,20.0,0.2,100.0,0.7,66.3811,0.6269,8.455049e-23,0.5994,0.6022,0.4275,0.5626,-0.1992,0.0001,0.0001,1.0000,0.0001,True,False,holds,holds
primary,64,20.0,0.2,100.0,0.85,66.3811,0.6619,8.333059e-23,0.6603,0.6603,0.4125,0.5342,-0.2505,0.0001,0.0001,1.0000,0.0001,True,False,holds,holds
primary,64,20.0,0.2,100.0,0.95,66.3811,0.6745,8.377126e-23,0.6915,0.6915,0.4046,0.5229,-0.2714,0.0001,0.0001,1.0000,0.0001,True,False,holds,holds
primary,64,20.0,0.2,150.0,0.7,73.1601,0.6348,9.366070e-24,0.5318,0.5559,0.3250,0.4664,-0.3070,0.0001,0.0001,1.0000,0.0001,True,False,holds,holds
primary,64,20.0,0.2,150.0,0.85,73.1601,0.6155,9.503372e-24,0.6123,0.6123,0.3027,0.4150,-0.3170,0.0001,0.0001,1.0000,0.0001,True,False,holds,holds
primary,64,20.0,0.2,150.0,0.95,62.8399,0.6064,7.887685e-24,0.6567,0.6567,0.2907,0.3934,-0.3151,0.0001,0.0001,1.0000,0.0001,True,False,holds,holds
primary,64,20.0,0.2,250.0,0.7,63.9529,0.4287,7.111138e-25,0.3349,0.4420,0.2468,0.3999,-0.1839,0.0001,0.0001,1.0000,0.0001,True,False,marginal,marginal
primary,64,20.0,0.2,250.0,0.85,59.3999,0.4068,6.818353e-25,0.4311,0.4640,0.2053,0.3000,-0.2023,0.0001,0.0001,1.0000,0.0001,True,False,holds,holds
primary,64,20.0,0.2,250.0,0.95,59.3999,0.3888,7.215262e-25,0.4786,0.4786,0.1867,0.2606,-0.2014,0.0001,0.0001,1.0000,0.0001,True,False,holds,holds
primary,1024,5.0,0.05,100.0,0.7,68.2024,0.4228,1.580377e-20,0.5410,0.5410,,,,,,,,,,,
primary,1024,5.0,0.05,100.0,0.85,68.2024,0.4232,1.582677e-20,0.5419,0.5419,,,,,,,,,,,
primary,1024,5.0,0.05,100.0,0.95,68.0000,0.4235,1.578761e-20,0.5424,0.5424,,,,,,,,,,,
primary,1024,5.0,0.05,150.0,0.7,68.0000,0.5004,2.453996e-21,0.6102,0.6102,,,,,,,,,,,
primary,1024,5.0,0.05,150.0,0.85,68.0000,0.5015,2.442713e-21,0.6125,0.6125,,,,,,,,,,,
primary,1024,5.0,0.05,150.0,0.95,68.0000,0.5020,2.451598e-21,0.6137,0.6137,,,,,,,,,,,
primary,1024,5.0,0.05,250.0,0.7,69.0118,0.5701,3.020557e-22,0.6551,0.6551,,,,,,,,,,,
primary,1024,5.0,0.05,250.0,0.85,68.0000,0.5720,2.990203e-22,0.6605,0.6605,,,,,,,,,,,
primary,1024,5.0,0.05,250.0,0.95,68.5059,0.5728,2.996582e-22,0.6628,0.6631,,,,,,,,,,,
primary,1024,5.0,0.1,100.0,0.7,68.2024,0.4778,5.981737e-21,0.5912,0.5912,,,,,,,,,,,
primary,1024,5.0,0.1,100.0,0.85,68.2024,0.4790,5.953340e-21,0.5937,0.5937,,,,,,,,,,,
primary,1024,5.0,0.1,100.0,0.95,68.2024,0.4797,5.990994e-21,0.5950,0.5950,,,,,,,,,,,
primary,1024,5.0,0.1,150.0,0.7,68.3035,0.5406,8.659453e-22,0.6358,0.6358,,,,,,,,,,,
primary,1024,5.0,0.1,150.0,0.85,68.3035,0.5434,8.660346e-22,0.6421,0.6421,,,,,,,,,,,
primary,1024,5.0,0.1,150.0,0.95,68.3035,0.5445,8.635953e-22,0.6449,0.6449,,,,,,,,,,,
primary,1024,5.0,0.1,250.0,0.7,71.0353,0.5914,1.021304e-22,0.6542,0.6542,,,,,,,,,,,
primary,1024,5.0,0.1,250.0,0.85,68.5059,0.6012,9.809474e-23,0.6626,0.6684,,,,,,,,,,,
primary,1024,5.0,0.1,250.0,0.95,68.5059,0.6060,9.794789e-23,0.6767,0.6767,,,,,,,,,,,
primary,1024,5.0,0.2,100.0,0.7,68.2024,0.5063,1.897005e-21,0.6099,0.6099,,,,,,,,,,,
primary,1024,5.0,0.2,100.0,0.85,68.2024,0.5104,1.892813e-21,0.6176,0.6176,,,,,,,,,,,
primary,1024,5.0,0.2,100.0,0.95,68.2024,0.5121,1.874748e-21,0.6211,0.6211,,,,,,,,,,,
primary,1024,5.0,0.2,150.0,0.7,68.3035,0.5600,2.592271e-22,0.6207,0.6309,,,,,,,,,,,
primary,1024,5.0,0.2,150.0,0.85,68.3035,0.5729,2.554723e-22,0.6488,0.6488,,,,,,,,,,,
primary,1024,5.0,0.2,150.0,0.95,68.3035,0.5796,2.557795e-22,0.6633,0.6633,,,,,,,,,,,
primary,1024,5.0,0.2,250.0,0.7,68.5059,0.6516,2.416775e-23,0.6092,0.6127,,,,,,,,,,,
primary,1024,5.0,0.2,250.0,0.85,68.5059,0.6731,2.442432e-23,0.6655,0.6659,,,,,,,,,,,
primary,1024,5.0,0.2,250.0,0.95,68.5059,0.6825,2.466374e-23,0.6939,0.6939,,,,,,,,,,,
primary,1024,10.0,0.05,100.0,0.7,68.2024,0.4778,5.935031e-21,0.5911,0.5911,,,,,,,,,,,
primary,1024,10.0,0.05,100.0,0.85,68.2024,0.4791,5.992862e-21,0.5938,0.5938,,,,,,,,,,,
primary,1024,10.0,0.05,100.0,0.95,68.2024,0.4798,5.977970e-21,0.5950,0.5950,,,,,,,,,,,
primary,1024,10.0,0.05,150.0,0.7,68.3035,0.5407,8.645241e-22,0.6359,0.6359,,,,,,,,,,,
primary,1024,10.0,0.05,150.0,0.85,68.3035,0.5434,8.674695e-22,0.6421,0.6421,,,,,,,,,,,
primary,1024,10.0,0.05,150.0,0.95,68.3035,0.5446,8.633938e-22,0.6450,0.6450,,,,,,,,,,,
primary,1024,10.0,0.05,250.0,0.7,71.0353,0.5914,1.024964e-22,0.6541,0.6541,,,,,,,,,,,
primary,1024,10.0,0.05,250.0,0.85,68.5059,0.6009,9.825817e-23,0.6625,0.6686,,,,,,,,,,,
primary,1024,10.0,0.05,250.0,0.95,68.5059,0.6058,9.862811e-23,0.6766,0.6766,,,,,,,,,,,
primary,1024,10.0,0.1,100.0,0.7,68.2024,0.5065,1.896133e-21,0.6101,0.6101,,,,,,,,,,,
primary,1024,10.0,0.1,100.0,0.85,68.2024,0.5104,1.873286e-21,0.6175,0.6175,,,,,,,,,,,
primary,1024,10.0,0.1,100.0,0.95,68.2024,0.5123,1.883470e-21,0.6213,0.6213,,,,,,,,,,,
primary,1024,10.0,0.1,150.0,0.7,68.3035,0.5602,2.562750e-22,0.6203,0.6310,,,,,,,,,,,
primary,1024,10.0,0.1,150.0,0.85,68.3035,0.5734,2.562527e-22,0.6491,0.6491,,,,,,,,,,,
primary,1024,10.0,0.1,150.0,0.95,68.3035,0.5797,2.557205e-22,0.6634,0.6634,,,,,,,,,,,
primary,1024,10.0,0.1,250.0,0.7,68.5059,0.6521,2.408835e-23,0.6090,0.6131,,,,,,,,,,,
primary,1024,10.0,0.1,250.0,0.85,68.5059,0.6725,2.436970e-23,0.6652,0.6658,,,,,,,,,,,
primary,1024,10.0,0.1,250.0,0.95,68.5059,0.6827,2.455265e-23,0.6939,0.6939,,,,,,,,,,,
primary,1024,10.0,0.2,100.0,0.7,68.2024,0.5372,4.924624e-22,0.6079,0.6079,,,,,,,,,,,
primary,1024,10.0,0.2,100.0,0.85,68.2024,0.5530,4.820165e-22,0.6371,0.6371,,,,,,,,,,,
primary,1024,10.0,0.2,100.0,0.95,68.2024,0.5610,4.796307e-22,0.6523,0.6523,,,,,,,,,,,
primary,1024,10.0,0.2,150.0,0.7,68.3035,0.6291,5.571063e-23,0.6045,0.6084,,,,,,,,,,,
primary,1024,10.0,0.2,150.0,0.85,68.3035,0.6564,5.591288e-23,0.6624,0.6624,,,,,,,,,,,
primary,1024,10.0,0.2,150.0,0.95,68.3035,0.6672,5.597101e-23,0.6912,0.6912,,,,,,,,,,,
primary,1024,10.0,0.2,250.0,0.7,76.6001,0.6504,4.806320e-24,0.5462,0.5688,,,,,,,,,,,
primary,1024,10.0,0.2,250.0,0.85,59.3999,0.6199,3.452687e-24,0.6067,0.6219,,,,,,,,,,,
primary,1024,10.0,0.2,250.0,0.95,59.3999,0.6123,3.567579e-24,0.6605,0.6605,,,,,,,,,,,
primary,1024,20.0,0.05,100.0,0.7,68.2024,0.5066,1.889135e-21,0.6102,0.6102,,,,,,,,,,,
primary,1024,20.0,0.05,100.0,0.85,68.2024,0.5103,1.873808e-21,0.6175,0.6175,,,,,,,,,,,
primary,1024,20.0,0.05,100.0,0.95,68.2024,0.5122,1.886960e-21,0.6212,0.6212,,,,,,,,,,,
primary,1024,20.0,0.05,150.0,0.7,68.3035,0.5613,2.576781e-22,0.6213,0.6309,,,,,,,,,,,
primary,1024,20.0,0.05,150.0,0.85,68.3035,0.5731,2.571414e-22,0.6490,0.6490,,,,,,,,,,,
primary,1024,20.0,0.05,150.0,0.95,68.3035,0.5798,2.570520e-22,0.6635,0.6635,,,,,,,,,,,
primary,1024,20.0,0.05,250.0,0.7,68.5059,0.6524,2.390020e-23,0.6087,0.6128,,,,,,,,,,,
primary,1024,20.0,0.05,250.0,0.85,68.5059,0.6731,2.421567e-23,0.6651,0.6659,,,,,,,,,,,
primary,1024,20.0,0.05,250.0,0.95,68.5059,0.6828,2.454386e-23,0.6940,0.6940,,,,,,,,,,,
primary,1024,20.0,0.1,100.0,0.7,68.2024,0.5367,4.873248e-22,0.6070,0.6070,,,,,,,,,,,
primary,1024,20.0,0.1,100.0,0.85,68.2024,0.5531,4.824053e-22,0.6373,0.6373,,,,,,,,,,,
primary,1024,20.0,0.1,100.0,0.95,68.2024,0.5610,4.781040e-22,0.6523,0.6523,,,,,,,,,,,
primary,1024,20.0,0.1,150.0,0.7,68.3035,0.6299,5.541619e-23,0.6043,0.6078,,,,,,,,,,,
primary,1024,20.0,0.1,150.0,0.85,68.3035,0.6570,5.563379e-23,0.6621,0.6621,,,,,,,,,,,
primary,1024,20.0,0.1,150.0,0.95,68.3035,0.6677,5.542298e-23,0.6912,0.6912,,,,,,,,,,,
primary,1024,20.0,0.1,250.0,0.7,76.6001,0.6536,4.799572e-24,0.5464,0.5699,,,,,,,,,,,
primary,1024,20.0,0.1,250.0,0.85,59.3999,0.6194,3.460422e-24,0.6065,0.6223,,,,,,,,,,,
primary,1024,20.0,0.1,250.0,0.95,59.3999,0.6128,3.582901e-24,0.6608,0.6608,,,,,,,,,,,
primary,1024,20.0,0.2,100.0,0.7,66.3811,0.6328,8.394357e-23,0.6016,0.6042,,,,,,,,,,,
primary,1024,20.0,0.2,100.0,0.85,66.3811,0.6652,8.343604e-23,0.6615,0.6615,,,,,,,,,,,
primary,1024,20.0,0.2,100.0,0.95,66.3811,0.6769,8.379451e-23,0.6921,0.6921,,,,,,,,,,,
primary,1024,20.0,0.2,150.0,0.7,73.1601,0.6518,9.090804e-24,0.5307,0.5583,,,,,,,,,,,
primary,1024,20.0,0.2,150.0,0.85,73.1601,0.6198,9.507415e-24,0.6151,0.6151,,,,,,,,,,,
primary,1024,20.0,0.2,150.0,0.95,62.8399,0.6069,7.911180e-24,0.6574,0.6574,,,,,,,,,,,
primary,1024,20.0,0.2,250.0,0.7,63.9529,0.4393,6.887955e-25,0.3279,0.4454,,,,,,,,,,,
primary,1024,20.0,0.2,250.0,0.85,59.3999,0.4067,6.687752e-25,0.4285,0.4634,,,,,,,,,,,
primary,1024,20.0,0.2,250.0,0.95,59.3999,0.3875,7.228756e-25,0.4776,0.4776,,,,,,,,,,,
widelon,64,5.0,0.05,100.0,0.7,68.2024,0.3995,3.895244e-20,0.5175,0.5175,,,,,,,,,,,
widelon,64,5.0,0.05,100.0,0.85,68.0000,0.3997,3.856877e-20,0.5180,0.5180,,,,,,,,,,,
widelon,64,5.0,0.05,100.0,0.95,68.2024,0.3998,3.892905e-20,0.5182,0.5182,,,,,,,,,,,
widelon,64,5.0,0.05,150.0,0.7,68.3035,0.4768,7.732767e-21,0.5914,0.5916,,,,,,,,,,,
widelon,64,5.0,0.05,150.0,0.85,68.3035,0.4774,7.756780e-21,0.5927,0.5927,,,,,,,,,,,
widelon,64,5.0,0.05,150.0,0.95,68.3035,0.4776,7.818950e-21,0.5932,0.5932,,,,,,,,,,,
widelon,64,5.0,0.05,250.0,0.7,69.0118,0.5572,8.159362e-22,0.6504,0.6504,,,,,,,,,,,
widelon,64,5.0,0.05,250.0,0.85,68.5059,0.5578,8.104266e-22,0.6525,0.6530,,,,,,,,,,,
widelon,64,5.0,0.05,250.0,0.95,69.0118,0.5584,8.090343e-22,0.6546,0.6546,,,,,,,,,,,
widelon,64,5.0,0.1,100.0,0.7,68.2024,0.4515,1.413227e-20,0.5684,0.5684,,,,,,,,,,,
widelon,64,5.0,0.1,100.0,0.85,68.2024,0.4524,1.414629e-20,0.5701,0.5701,,,,,,,,,,,
widelon,64,5.0,0.1,100.0,0.95,68.2024,0.4527,1.410720e-20,0.5707,0.5707,,,,,,,,,,,
widelon,64,5.0,0.1,150.0,0.7,68.3035,0.5150,2.677554e-21,0.6209,0.6209,,,,,,,,,,,
widelon,64,5.0,0.1,150.0,0.85,68.3035,0.5168,2.622919e-21,0.6242,0.6242,,,,,,,,,,,
widelon,64,5.0,0.1,150.0,0.95,68.3035,0.5176,2.669322e-21,0.6259,0.6259,,,,,,,,,,,
widelon,64,5.0,0.1,250.0,0.7,68.5059,0.5808,2.568034e-22,0.6459,0.6566,,,,,,,,,,,
widelon,64,5.0,0.1,250.0,0.85,68.5059,0.5875,2.568501e-22,0.6628,0.6647,,,,,,,,,,,
widelon,64,5.0,0.1,250.0,0.95,68.5059,0.5903,2.556256e-22,0.6710,0.6710,,,,,,,,,,,
widelon,64,5.0,0.2,100.0,0.7,68.2024,0.4796,4.376717e-21,0.5910,0.5910,,,,,,,,,,,
widelon,64,5.0,0.2,100.0,0.85,68.2024,0.4822,4.297433e-21,0.5957,0.5957,,,,,,,,,,,
widelon,64,5.0,0.2,100.0,0.95,68.2024,0.4834,4.353021e-21,0.5980,0.5980,,,,,,,,,,,
widelon,64,5.0,0.2,150.0,0.7,68.3035,0.5407,7.693626e-22,0.6255,0.6255,,,,,,,,,,,
widelon,64,5.0,0.2,150.0,0.85,68.3035,0.5477,7.595700e-22,0.6404,0.6404,,,,,,,,,,,
widelon,64,5.0,0.2,150.0,0.95,68.3035,0.5517,7.563723e-22,0.6485,0.6485,,,,,,,,,,,
widelon,64,5.0,0.2,250.0,0.7,68.5059,0.6459,6.220270e-23,0.6432,0.6467,,,,,,,,,,,
widelon,64,5.0,0.2,250.0,0.85,68.5059,0.6606,6.215100e-23,0.6783,0.6788,,,,,,,,,,,
widelon,64,5.0,0.2,250.0,0.95,68.5059,0.6678,6.291433e-23,0.6960,0.6960,,,,,,,,,,,
widelon,64,10.0,0.05,100.0,0.7,68.2024,0.4518,1.417275e-20,0.5687,0.5687,,,,,,,,,,,
widelon,64,10.0,0.05,100.0,0.85,68.2024,0.4524,1.415358e-20,0.5701,0.5701,,,,,,,,,,,
widelon,64,10.0,0.05,100.0,0.95,68.2024,0.4527,1.416883e-20,0.5707,0.5707,,,,,,,,,,,
widelon,64,10.0,0.05,150.0,0.7,68.3035,0.5152,2.639281e-21,0.6210,0.6210,,,,,,,,,,,
widelon,64,10.0,0.05,150.0,0.85,68.3035,0.5170,2.615826e-21,0.6244,0.6244,,,,,,,,,,,
widelon,64,10.0,0.05,150.0,0.95,68.3035,0.5176,2.662072e-21,0.6259,0.6259,,,,,,,,,,,
widelon,64,10.0,0.05,250.0,0.7,69.5177,0.5802,2.650772e-22,0.6466,0.6567,,,,,,,,,,,
widelon,64,10.0,0.05,250.0,0.85,68.5059,0.5868,2.543878e-22,0.6624,0.6650,,,,,,,,,,,
widelon,64,10.0,0.05,250.0,0.95,68.5059,0.5907,2.523066e-22,0.6711,0.6711,,,,,,,,,,,
widelon,64,10.0,0.1,100.0,0.7,68.2024,0.4802,4.321460e-21,0.5915,0.5915,,,,,,,,,,,
widelon,64,10.0,0.1,100.0,0.85,68.2024,0.4822,4.348540e-21,0.5957,0.5957,,,,,,,,,,,
widelon,64,10.0,0.1,100.0,0.95,68.2024,0.4834,4.323401e-21,0.5979,0.5979,,,,,,,,,,,
widelon,64,10.0,0.1,150.0,0.7,68.3035,0.5412,7.739976e-22,0.6258,0.6258,,,,,,,,,,,
widelon,64,10.0,0.1,150.0,0.85,68.3035,0.5481,7.633496e-22,0.6408,0.6408,,,,,,,,,,,
widelon,64,10.0,0.1,150.0,0.95,68.3035,0.5520,7.595001e-22,0.6486,0.6486,,,,,,,,,,,
widelon,64,10.0,0.1,250.0,0.7,68.5059,0.6449,6.152905e-23,0.6423,0.6460,,,,,,,,,,,
widelon,64,10.0,0.1,250.0,0.85,68.5059,0.6602,6.205855e-23,0.6782,0.6791,,,,,,,,,,,
widelon,64,10.0,0.1,250.0,0.95,68.5059,0.6679,6.231166e-23,0.6961,0.6961,,,,,,,,,,,
widelon,64,10.0,0.2,100.0,0.7,68.2024,0.5162,1.100196e-21,0.6063,0.6063,,,,,,,,,,,
widelon,64,10.0,0.2,100.0,0.85,68.2024,0.5272,1.078801e-21,0.6254,0.6254,,,,,,,,,,,
widelon,64,10.0,0.2,100.0,0.95,68.2024,0.5319,1.095361e-21,0.6345,0.6345,,,,,,,,,,,
widelon,64,10.0,0.2,150.0,0.7,68.3035,0.6219,1.596593e-22,0.6399,0.6399,,,,,,,,,,,
widelon,64,10.0,0.2,150.0,0.85,68.3035,0.6388,1.618585e-22,0.6749,0.6749,,,,,,,,,,,
widelon,64,10.0,0.2,150.0,0.95,68.3035,0.6480,1.596589e-22,0.6917,0.6917,,,,,,,,,,,
widelon,64,10.0,0.2,250.0,0.7,76.6001,0.6301,1.366375e-23,0.6023,0.6023,,,,,,,,,,,
widelon,64,10.0,0.2,250.0,0.85,59.3999,0.6211,7.939755e-24,0.6350,0.6463,,,,,,,,,,,
widelon,64,10.0,0.2,250.0,0.95,59.3999,0.6245,8.136877e-24,0.6739,0.6739,,,,,,,,,,,
widelon,64,20.0,0.05,100.0,0.7,68.2024,0.4796,4.367814e-21,0.5911,0.5911,,,,,,,,,,,
widelon,64,20.0,0.05,100.0,0.85,68.2024,0.4822,4.343535e-21,0.5957,0.5957,,,,,,,,,,,
widelon,64,20.0,0.05,100.0,0.95,68.2024,0.4835,4.349053e-21,0.5980,0.5980,,,,,,,,,,,
widelon,64,20.0,0.05,150.0,0.7,68.3035,0.5411,7.659589e-22,0.6253,0.6253,,,,,,,,,,,
widelon,64,20.0,0.05,150.0,0.85,68.3035,0.5486,7.642307e-22,0.6411,0.6411,,,,,,,,,,,
widelon,64,20.0,0.05,150.0,0.95,68.3035,0.5517,7.604466e-22,0.6484,0.6484,,,,,,,,,,,
widelon,64,20.0,0.05,250.0,0.7,68.5059,0.6449,6.191606e-23,0.6426,0.6462,,,,,,,,,,,
widelon,64,20.0,0.05,250.0,0.85,68.5059,0.6607,6.174158e-23,0.6785,0.6790,,,,,,,,,,,
widelon,64,20.0,0.05,250.0,0.95,68.5059,0.6677,6.199466e-23,0.6960,0.6960,,,,,,,,,,,
widelon,64,20.0,0.1,100.0,0.7,68.2024,0.5171,1.111291e-21,0.6070,0.6070,,,,,,,,,,,
widelon,64,20.0,0.1,100.0,0.85,68.2024,0.5261,1.085737e-21,0.6244,0.6244,,,,,,,,,,,
widelon,64,20.0,0.1,100.0,0.95,68.2024,0.5311,1.086334e-21,0.6340,0.6340,,,,,,,,,,,
widelon,64,20.0,0.1,150.0,0.7,68.3035,0.6203,1.602677e-22,0.6399,0.6399,,,,,,,,,,,
widelon,64,20.0,0.1,150.0,0.85,68.3035,0.6377,1.617489e-22,0.6744,0.6744,,,,,,,,,,,
widelon,64,20.0,0.1,150.0,0.95,68.3035,0.6472,1.603618e-22,0.6915,0.6915,,,,,,,,,,,
widelon,64,20.0,0.1,250.0,0.7,76.6001,0.6328,1.358946e-23,0.6032,0.6032,,,,,,,,,,,
widelon,64,20.0,0.1,250.0,0.85,59.3999,0.6206,8.045871e-24,0.6355,0.6472,,,,,,,,,,,
widelon,64,20.0,0.1,250.0,0.95,59.3999,0.6235,8.148960e-24,0.6735,0.6735,,,,,,,,,,,
widelon,64,20.0,0.2,100.0,0.7,68.2024,0.6219,1.931777e-22,0.6317,0.6317,,,,,,,,,,,
widelon,64,20.0,0.2,100.0,0.85,66.3811,0.6431,1.781786e-22,0.6708,0.6708,,,,,,,,,,,
widelon,64,20.0,0.2,100.0,0.95,66.3811,0.6547,1.811542e-22,0.6923,0.6923,,,,,,,,,,,
widelon,64,20.0,0.2,150.0,0.7,73.1601,0.6522,2.826767e-23,0.6033,0.6033,,,,,,,,,,,
widelon,64,20.0,0.2,150.0,0.85,73.1601,0.6285,2.888433e-23,0.6513,0.6513,,,,,,,,,,,
widelon,64,20.0,0.2,150.0,0.95,62.8399,0.6277,2.069928e-23,0.6763,0.6763,,,,,,,,,,,
widelon,64,20.0,0.2,250.0,0.7,63.9529,0.4225,1.785079e-24,0.3920,0.4678,,,,,,,,,,,
widelon,64,20.0,0.2,250.0,0.85,59.3999,0.4132,1.532988e-24,0.4663,0.4774,,,,,,,,,,,
widelon,64,20.0,0.2,250.0,0.95,59.3999,0.4038,1.602041e-24,0.5034,0.5034,,,,,,,,,,,
gausslon,64,5.0,0.05,100.0,0.7,67.7976,0.4333,3.540184e-21,0.5488,0.5488,,,,,,,,,,,
gausslon,64,5.0,0.05,100.0,0.85,68.0000,0.4354,3.540604e-21,0.5529,0.5529,,,,,,,,,,,
gausslon,64,5.0,0.05,100.0,0.95,68.0000,0.4361,3.556308e-21,0.5546,0.5546,,,,,,,,,,,
gausslon,64,5.0,0.05,150.0,0.7,68.0000,0.5053,6.247071e-22,0.6086,0.6086,,,,,,,,,,,
gausslon,64,5.0,0.05,150.0,0.85,67.6965,0.5082,6.204647e-22,0.6149,0.6155,,,,,,,,,,,
gausslon,64,5.0,0.05,150.0,0.95,68.0000,0.5103,6.204982e-22,0.6196,0.6196,,,,,,,,,,,
gausslon,64,5.0,0.05,250.0,0.7,68.0000,0.5705,6.255580e-23,0.6426,0.6426,,,,,,,,,,,
gausslon,64,5.0,0.05,250.0,0.85,69.0118,0.5762,6.260985e-23,0.6576,0.6576,,,,,,,,,,,
gausslon,64,5.0,0.05,250.0,0.95,68.0000,0.5791,6.225769e-23,0.6652,0.6652,,,,,,,,,,,
gausslon,64,5.0,0.1,100.0,0.7,68.2024,0.4869,1.361971e-21,0.5917,0.5917,,,,,,,,,,,
gausslon,64,5.0,0.1,100.0,0.85,68.0000,0.4919,1.362590e-21,0.6015,0.6015,,,,,,,,,,,
gausslon,64,5.0,0.1,100.0,0.95,68.0000,0.4943,1.349660e-21,0.6064,0.6064,,,,,,,,,,,
gausslon,64,5.0,0.1,150.0,0.7,68.3035,0.5396,2.259344e-22,0.6195,0.6195,,,,,,,,,,,
gausslon,64,5.0,0.1,150.0,0.85,67.6965,0.5489,2.237891e-22,0.6392,0.6392,,,,,,,,,,,
gausslon,64,5.0,0.1,150.0,0.95,68.3035,0.5527,2.218154e-22,0.6485,0.6485,,,,,,,,,,,
gausslon,64,5.0,0.1,250.0,0.7,70.5295,0.5820,2.146894e-23,0.6156,0.6156,,,,,,,,,,,
gausslon,64,5.0,0.1,250.0,0.85,70.0236,0.5972,2.144994e-23,0.6544,0.6545,,,,,,,,,,,
gausslon,64,5.0,0.1,250.0,0.95,67.4941,0.6094,2.064034e-23,0.6699,0.6738,,,,,,,,,,,
gausslon,64,5.0,0.2,100.0,0.7,68.2024,0.5040,4.469877e-22,0.5869,0.5869,,,,,,,,,,,
gausslon,64,5.0,0.2,100.0,0.85,68.2024,0.5192,4.369154e-22,0.6150,0.6150,,,,,,,,,,,
gausslon,64,5.0,0.2,100.0,0.95,68.2024,0.5263,4.373736e-22,0.6291,0.6291,,,,,,,,,,,
gausslon,64,5.0,0.2,150.0,0.7,67.3929,0.5370,7.307541e-23,0.5949,0.5949,,,,,,,,,,,
gausslon,64,5.0,0.2,150.0,0.85,67.6965,0.5626,6.637894e-23,0.6117,0.6306,,,,,,,,,,,
gausslon,64,5.0,0.2,150.0,0.95,68.3035,0.5831,6.689705e-23,0.6555,0.6555,,,,,,,,,,,
gausslon,64,5.0,0.2,250.0,0.7,68.5059,0.5841,5.209743e-24,0.4814,0.5486,,,,,,,,,,,
gausslon,64,5.0,0.2,250.0,0.85,68.5059,0.6489,5.185478e-24,0.6019,0.6062,,,,,,,,,,,
gausslon,64,5.0,0.2,250.0,0.95,68.5059,0.6799,5.295941e-24,0.6754,0.6754,,,,,,,,,,,
gausslon,64,10.0,0.05,100.0,0.7,68.4047,0.4861,1.376049e-21,0.5909,0.5909,,,,,,,,,,,
gausslon,64,10.0,0.05,100.0,0.85,68.2024,0.4915,1.378664e-21,0.6013,0.6013,,,,,,,,,,,
gausslon,64,10.0,0.05,100.0,0.95,68.0000,0.4943,1.352102e-21,0.6064,0.6064,,,,,,,,,,,
gausslon,64,10.0,0.05,150.0,0.7,67.6965,0.5405,2.260545e-22,0.6204,0.6204,,,,,,,,,,,
gausslon,64,10.0,0.05,150.0,0.85,68.3035,0.5488,2.246688e-22,0.6392,0.6392,,,,,,,,,,,
gausslon,64,10.0,0.05,150.0,0.95,68.3035,0.5527,2.263586e-22,0.6485,0.6485,,,,,,,,,,,
gausslon,64,10.0,0.05,250.0,0.7,70.0236,0.5816,2.152519e-23,0.6156,0.6159,,,,,,,,,,,
gausslon,64,10.0,0.05,250.0,0.85,68.5059,0.5977,2.081918e-23,0.6340,0.6543,,,,,,,,,,,
gausslon,64,10.0,0.05,250.0,0.95,68.5059,0.6108,2.091641e-23,0.6705,0.6736,,,,,,,,,,,
gausslon,64,10.0,0.1,100.0,0.7,68.2024,0.5043,4.426188e-22,0.5868,0.5868,,,,,,,,,,,
gausslon,64,10.0,0.1,100.0,0.85,68.2024,0.5193,4.399242e-22,0.6152,0.6152,,,,,,,,,,,
gausslon,64,10.0,0.1,100.0,0.95,68.2024,0.5263,4.364315e-22,0.6291,0.6291,,,,,,,,,,,
gausslon,64,10.0,0.1,150.0,0.7,67.3929,0.5338,7.209591e-23,0.5915,0.5924,,,,,,,,,,,
gausslon,64,10.0,0.1,150.0,0.85,67.6965,0.5629,6.753607e-23,0.6127,0.6320,,,,,,,,,,,
gausslon,64,10.0,0.1,150.0,0.95,68.3035,0.5840,6.735463e-23,0.6563,0.6563,,,,,,,,,,,
gausslon,64,10.0,0.1,250.0,0.7,68.5059,0.5828,5.281889e-24,0.4833,0.5465,,,,,,,,,,,
gausslon,64,10.0,0.1,250.0,0.85,68.5059,0.6483,5.203468e-24,0.6031,0.6068,,,,,,,,,,,
gausslon,64,10.0,0.1,250.0,0.95,68.5059,0.6788,5.346624e-24,0.6753,0.6753,,,,,,,,,,,
gausslon,64,10.0,0.2,100.0,0.7,68.2024,0.4777,1.245833e-22,0.4963,0.5145,,,,,,,,,,,
gausslon,64,10.0,0.2,100.0,0.85,68.2024,0.5378,1.157615e-22,0.5890,0.5890,,,,,,,,,,,
gausslon,64,10.0,0.2,100.0,0.95,68.2024,0.5683,1.143812e-22,0.6443,0.6443,,,,,,,,,,,
gausslon,64,10.0,0.2,150.0,0.7,70.4283,0.5293,1.577466e-23,0.4530,0.5365,,,,,,,,,,,
gausslon,64,10.0,0.2,150.0,0.85,68.3035,0.6214,1.471149e-23,0.5828,0.5916,,,,,,,,,,,
gausslon,64,10.0,0.2,150.0,0.95,65.5717,0.6629,1.422575e-23,0.6671,0.6671,,,,,,,,,,,
gausslon,64,10.0,0.2,250.0,0.7,60.4116,0.5918,1.095178e-24,0.4136,0.5179,,,,,,,,,,,
gausslon,64,10.0,0.2,250.0,0.85,76.6001,0.6325,9.738225e-25,0.5284,0.5664,,,,,,,,,,,
gausslon,64,10.0,0.2,250.0,0.95,59.3999,0.6077,8.351410e-25,0.6260,0.6286,,,,,,,,,,,
gausslon,64,20.0,0.05,100.0,0.7,67.7976,0.5039,4.436976e-22,0.5868,0.5872,,,,,,,,,,,
gausslon,64,20.0,0.05,100.0,0.85,68.2024,0.5193,4.397677e-22,0.6153,0.6153,,,,,,,,,,,
gausslon,64,20.0,0.05,100.0,0.95,68.2024,0.5264,4.369236e-22,0.6292,0.6292,,,,,,,,,,,
gausslon,64,20.0,0.05,150.0,0.7,67.3929,0.5360,7.176435e-23,0.5932,0.5932,,,,,,,,,,,
gausslon,64,20.0,0.05,150.0,0.85,68.3035,0.5650,6.728462e-23,0.6135,0.6308,,,,,,,,,,,
gausslon,64,20.0,0.05,150.0,0.95,68.3035,0.5835,6.647635e-23,0.6557,0.6557,,,,,,,,,,,
gausslon,64,20.0,0.05,250.0,0.7,68.5059,0.5787,5.284391e-24,0.4812,0.5491,,,,,,,,,,,
gausslon,64,20.0,0.05,250.0,0.85,68.5059,0.6500,5.187138e-24,0.6031,0.6059,,,,,,,,,,,
gausslon,64,20.0,0.05,250.0,0.95,68.5059,0.6780,5.273696e-24,0.6750,0.6752,,,,,,,,,,,
gausslon,64,20.0,0.1,100.0,0.7,68.2024,0.4763,1.250816e-22,0.4960,0.5143,,,,,,,,,,,
gausslon,64,20.0,0.1,100.0,0.85,68.2024,0.5381,1.143615e-22,0.5895,0.5895,,,,,,,,,,,
gausslon,64,20.0,0.1,100.0,0.95,68.2024,0.5683,1.128955e-22,0.6444,0.6444,,,,,,,,,,,
gausslon,64,20.0,0.1,150.0,0.7,68.3035,0.5279,1.556904e-23,0.4484,0.5333,,,,,,,,,,,
gausslon,64,20.0,0.1,150.0,0.85,68.3035,0.6219,1.474877e-23,0.5822,0.5930,,,,,,,,,,,
gausslon,64,20.0,0.1,150.0,0.95,65.5717,0.6626,1.421600e-23,0.6672,0.6676,,,,,,,,,,,
gausslon,64,20.0,0.1,250.0,0.7,60.4116,0.5928,1.084300e-24,0.4131,0.5202,,,,,,,,,,,
gausslon,64,20.0,0.1,250.0,0.85,76.6001,0.6293,9.977413e-25,0.5321,0.5661,,,,,,,,,,,
gausslon,64,20.0,0.1,250.0,0.95,59.3999,0.6088,8.358132e-25,0.6272,0.6275,,,,,,,,,,,
gausslon,64,20.0,0.2,100.0,0.7,69.6189,0.4836,2.454170e-23,0.4115,0.4890,,,,,,,,,,,
gausslon,64,20.0,0.2,100.0,0.85,69.6189,0.6140,2.178563e-23,0.5589,0.5591,,,,,,,,,,,
gausslon,64,20.0,0.2,100.0,0.95,66.3811,0.6703,2.023206e-23,0.6570,0.6570,,,,,,,,,,,
gausslon,64,20.0,0.2,150.0,0.7,63.4470,0.5415,3.205766e-24,0.3827,0.4927,,,,,,,,,,,
gausslon,64,20.0,0.2,150.0,0.85,65.5717,0.6221,2.304158e-24,0.4702,0.5510,,,,,,,,,,,
gausslon,64,20.0,0.2,150.0,0.95,73.1601,0.6057,2.483858e-24,0.6143,0.6143,,,,,,,,,,,
gausslon,64,20.0,0.2,250.0,0.7,60.4116,0.4846,2.104043e-25,0.2908,0.3831,,,,,,,,,,,
gausslon,64,20.0,0.2,250.0,0.85,63.9529,0.4145,1.601734e-25,0.3261,0.4410,,,,,,,,,,,
gausslon,64,20.0,0.2,250.0,0.95,59.3999,0.3888,1.684432e-25,0.4437,0.4616,,,,,,,,,,,
snr10,64,5.0,0.05,100.0,0.7,68.0000,0.4235,1.568923e-20,0.5398,0.5398,,,,,,,,,,,
snr10,64,5.0,0.05,100.0,0.85,68.0000,0.4237,1.591416e-20,0.5406,0.5406,,,,,,,,,,,
snr10,64,5.0,0.05,100.0,0.95,68.2024,0.4239,1.575709e-20,0.5410,0.5410,,,,,,,,,,,
snr10,64,5.0,0.05,150.0,0.7,68.3035,0.5012,2.440375e-21,0.6081,0.6084,,,,,,,,,,,
snr10,64,5.0,0.05,150.0,0.85,68.3035,0.5022,2.454803e-21,0.6108,0.6108,,,,,,,,,,,
snr10,64,5.0,0.05,150.0,0.95,68.0000,0.5024,2.403262e-21,0.6118,0.6118,,,,,,,,,,,
snr10,64,5.0,0.05,250.0,0.7,68.0000,0.5711,2.984981e-22,0.6530,0.6530,,,,,,,,,,,
snr10,64,5.0,0.05,250.0,0.85,68.5059,0.5723,3.030614e-22,0.6572,0.6582,,,,,,,,,,,
snr10,64,5.0,0.05,250.0,0.95,68.5059,0.5733,2.961600e-22,0.6606,0.6610,,,,,,,,,,,
snr10,64,5.0,0.1,100.0,0.7,68.0000,0.4785,5.947332e-21,0.5897,0.5897,,,,,,,,,,,
snr10,64,5.0,0.1,100.0,0.85,68.0000,0.4794,5.886339e-21,0.5919,0.5919,,,,,,,,,,,
snr10,64,5.0,0.1,100.0,0.95,68.0000,0.4803,5.930456e-21,0.5934,0.5934,,,,,,,,,,,
snr10,64,5.0,0.1,150.0,0.7,68.3035,0.5404,8.623759e-22,0.6333,0.6333,,,,,,,,,,,
snr10,64,5.0,0.1,150.0,0.85,68.3035,0.5430,8.570072e-22,0.6394,0.6394,,,,,,,,,,,
snr10,64,5.0,0.1,150.0,0.95,68.3035,0.5451,8.667399e-22,0.6431,0.6431,,,,,,,,,,,
snr10,64,5.0,0.1,250.0,0.7,70.5295,0.5908,1.023842e-22,0.6512,0.6512,,,,,,,,,,,
snr10,64,5.0,0.1,250.0,0.85,68.5059,0.5997,9.865716e-23,0.6593,0.6660,,,,,,,,,,,
snr10,64,5.0,0.1,250.0,0.95,68.5059,0.6064,9.750647e-23,0.6743,0.6743,,,,,,,,,,,
snr10,64,5.0,0.2,100.0,0.7,68.2024,0.5060,1.881892e-21,0.6073,0.6073,,,,,,,,,,,
snr10,64,5.0,0.2,100.0,0.85,68.2024,0.5102,1.874507e-21,0.6151,0.6151,,,,,,,,,,,
snr10,64,5.0,0.2,100.0,0.95,68.2024,0.5120,1.871667e-21,0.6188,0.6188,,,,,,,,,,,
snr10,64,5.0,0.2,150.0,0.7,68.3035,0.5591,2.563208e-22,0.6166,0.6285,,,,,,,,,,,
snr10,64,5.0,0.2,150.0,0.85,68.3035,0.5727,2.565679e-22,0.6460,0.6460,,,,,,,,,,,
snr10,64,5.0,0.2,150.0,0.95,68.3035,0.5796,2.562804e-22,0.6608,0.6608,,,,,,,,,,,
snr10,64,5.0,0.2,250.0,0.7,68.5059,0.6447,2.393621e-23,0.6028,0.6082,,,,,,,,,,,
snr10,64,5.0,0.2,250.0,0.85,68.5059,0.6687,2.468655e-23,0.6614,0.6621,,,,,,,,,,,
snr10,64,5.0,0.2,250.0,0.95,68.5059,0.6805,2.441386e-23,0.6907,0.6907,,,,,,,,,,,
snr10,64,10.0,0.05,100.0,0.7,68.0000,0.4785,5.923833e-21,0.5897,0.5897,,,,,,,,,,,
snr10,64,10.0,0.05,100.0,0.85,68.2024,0.4797,5.988865e-21,0.5922,0.5922,,,,,,,,,,,
snr10,64,10.0,0.05,100.0,0.95,68.2024,0.4799,5.966037e-21,0.5931,0.5931,,,,,,,,,,,
snr10,64,10.0,0.05,150.0,0.7,68.3035,0.5400,8.712439e-22,0.6331,0.6331,,,,,,,,,,,
snr10,64,10.0,0.05,150.0,0.85,68.3035,0.5438,8.589545e-22,0.6400,0.6400,,,,,,,,,,,
snr10,64,10.0,0.05,150.0,0.95,68.3035,0.5445,8.562414e-22,0.6426,0.6426,,,,,,,,,,,
snr10,64,10.0,0.05,250.0,0.7,71.0353,0.5905,1.030591e-22,0.6511,0.6511,,,,,,,,,,,
snr10,64,10.0,0.05,250.0,0.85,68.5059,0.6007,9.705256e-23,0.6594,0.6663,,,,,,,,,,,
snr10,64,10.0,0.05,250.0,0.95,68.5059,0.6060,9.961265e-23,0.6741,0.6741,,,,,,,,,,,
snr10,64,10.0,0.1,100.0,0.7,68.2024,0.5069,1.882763e-21,0.6081,0.6081,,,,,,,,,,,
snr10,64,10.0,0.1,100.0,0.85,68.2024,0.5109,1.866968e-21,0.6157,0.6157,,,,,,,,,,,
snr10,64,10.0,0.1,100.0,0.95,68.2024,0.5125,1.866749e-21,0.6192,0.6192,,,,,,,,,,,
snr10,64,10.0,0.1,150.0,0.7,68.3035,0.5612,2.542360e-22,0.6181,0.6280,,,,,,,,,,,
snr10,64,10.0,0.1,150.0,0.85,68.3035,0.5711,2.557339e-22,0.6451,0.6451,,,,,,,,,,,
snr10,64,10.0,0.1,150.0,0.95,68.3035,0.5797,2.573091e-22,0.6610,0.6610,,,,,,,,,,,
snr10,64,10.0,0.1,250.0,0.7,68.5059,0.6453,2.389301e-23,0.6022,0.6071,,,,,,,,,,,
snr10,64,10.0,0.1,250.0,0.85,68.5059,0.6701,2.454437e-23,0.6617,0.6622,,,,,,,,,,,
snr10,64,10.0,0.1,250.0,0.95,68.5059,0.6812,2.470097e-23,0.6910,0.6910,,,,,,,,,,,
snr10,64,10.0,0.2,100.0,0.7,68.2024,0.5359,4.893701e-22,0.6045,0.6045,,,,,,,,,,,
snr10,64,10.0,0.2,100.0,0.85,68.2024,0.5531,4.862805e-22,0.6347,0.6347,,,,,,,,,,,
snr10,64,10.0,0.2,100.0,0.95,68.2024,0.5610,4.816596e-22,0.6499,0.6499,,,,,,,,,,,
snr10,64,10.0,0.2,150.0,0.7,68.3035,0.6257,5.612579e-23,0.6006,0.6042,,,,,,,,,,,
snr10,64,10.0,0.2,150.0,0.85,68.3035,0.6543,5.528555e-23,0.6583,0.6587,,,,,,,,,,,
snr10,64,10.0,0.2,150.0,0.95,68.3035,0.6664,5.608775e-23,0.6884,0.6884,,,,,,,,,,,
snr10,64,10.0,0.2,250.0,0.7,76.6001,0.6362,4.832442e-24,0.5415,0.5662,,,,,,,,,,,
snr10,64,10.0,0.2,250.0,0.85,59.3999,0.6155,3.479343e-24,0.6018,0.6182,,,,,,,,,,,
snr10,64,10.0,0.2,250.0,0.95,59.3999,0.6127,3.570730e-24,0.6578,0.6578,,,,,,,,,,,
snr10,64,20.0,0.05,100.0,0.7,68.2024,0.5066,1.887471e-21,0.6079,0.6079,,,,,,,,,,,
snr10,64,20.0,0.05,100.0,0.85,68.2024,0.5105,1.874937e-21,0.6154,0.6154,,,,,,,,,,,
snr10,64,20.0,0.05,100.0,0.95,68.2024,0.5120,1.865124e-21,0.6188,0.6188,,,,,,,,,,,
snr10,64,20.0,0.05,150.0,0.7,68.3035,0.5615,2.589189e-22,0.6189,0.6283,,,,,,,,,,,
snr10,64,20.0,0.05,150.0,0.85,68.3035,0.5733,2.554027e-22,0.6465,0.6465,,,,,,,,,,,
snr10,64,20.0,0.05,150.0,0.95,68.3035,0.5799,2.562317e-22,0.6611,0.6611,,,,,,,,,,,
snr10,64,20.0,0.05,250.0,0.7,68.5059,0.6440,2.419428e-23,0.6037,0.6078,,,,,,,,,,,
snr10,64,20.0,0.05,250.0,0.85,68.5059,0.6697,2.450763e-23,0.6614,0.6623,,,,,,,,,,,
snr10,64,20.0,0.05,250.0,0.95,68.5059,0.6806,2.466226e-23,0.6910,0.6910,,,,,,,,,,,
snr10,64,20.0,0.1,100.0,0.7,68.2024,0.5352,4.923442e-22,0.6041,0.6041,,,,,,,,,,,
snr10,64,20.0,0.1,100.0,0.85,68.2024,0.5527,4.832909e-22,0.6345,0.6345,,,,,,,,,,,
snr10,64,20.0,0.1,100.0,0.95,68.2024,0.5612,4.797706e-22,0.6501,0.6501,,,,,,,,,,,
snr10,64,20.0,0.1,150.0,0.7,68.3035,0.6267,5.605267e-23,0.5998,0.6028,,,,,,,,,,,
snr10,64,20.0,0.1,150.0,0.85,68.3035,0.6528,5.579807e-23,0.6579,0.6584,,,,,,,,,,,
snr10,64,20.0,0.1,150.0,0.95,68.3035,0.6665,5.624819e-23,0.6885,0.6885,,,,,,,,,,,
snr10,64,20.0,0.1,250.0,0.7,76.6001,0.6356,4.811127e-24,0.5421,0.5672,,,,,,,,,,,
snr10,64,20.0,0.1,250.0,0.85,59.3999,0.6154,3.476551e-24,0.6011,0.6171,,,,,,,,,,,
snr10,64,20.0,0.1,250.0,0.95,59.3999,0.6121,3.589479e-24,0.6579,0.6579,,,,,,,,,,,
snr10,64,20.0,0.2,100.0,0.7,66.3811,0.6277,8.390678e-23,0.5957,0.5994,,,,,,,,,,,
snr10,64,20.0,0.2,100.0,0.85,66.3811,0.6612,8.392984e-23,0.6575,0.6575,,,,,,,,,,,
snr10,64,20.0,0.2,100.0,0.95,66.3811,0.6757,8.366775e-23,0.6893,0.6893,,,,,,,,,,,
snr10,64,20.0,0.2,150.0,0.7,73.1601,0.6347,9.301845e-24,0.5273,0.5571,,,,,,,,,,,
snr10,64,20.0,0.2,150.0,0.85,73.1601,0.6156,9.515595e-24,0.6101,0.6101,,,,,,,,,,,
snr10,64,20.0,0.2,150.0,0.95,62.8399,0.6050,7.865223e-24,0.6536,0.6536,,,,,,,,,,,
snr10,64,20.0,0.2,250.0,0.7,63.9529,0.4467,7.102517e-25,0.3441,0.4437,,,,,,,,,,,
snr10,64,20.0,0.2,250.0,0.85,59.3999,0.4092,6.671523e-25,0.4299,0.4630,,,,,,,,,,,
snr10,64,20.0,0.2,250.0,0.95,59.3999,0.3877,7.225891e-25,0.4760,0.4760,,,,,,,,,,,
snr20,64,5.0,0.05,100.0,0.7,68.0000,0.4229,1.573847e-20,0.5409,0.5409,,,,,,,,,,,
snr20,64,5.0,0.05,100.0,0.85,68.0000,0.4234,1.589127e-20,0.5419,0.5419,,,,,,,,,,,
snr20,64,5.0,0.05,100.0,0.95,68.2024,0.4236,1.581032e-20,0.5424,0.5424,,,,,,,,,,,
snr20,64,5.0,0.05,150.0,0.7,68.0000,0.5006,2.448474e-21,0.6101,0.6101,,,,,,,,,,,
snr20,64,5.0,0.05,150.0,0.85,68.3035,0.5015,2.412530e-21,0.6121,0.6121,,,,,,,,,,,
snr20,64,5.0,0.05,150.0,0.95,68.3035,0.5021,2.463688e-21,0.6135,0.6135,,,,,,,,,,,
snr20,64,5.0,0.05,250.0,0.7,68.0000,0.5695,2.975930e-22,0.6543,0.6543,,,,,,,,,,,
snr20,64,5.0,0.05,250.0,0.85,68.0000,0.5725,2.966860e-22,0.6605,0.6605,,,,,,,,,,,
snr20,64,5.0,0.05,250.0,0.95,68.5059,0.5731,2.956807e-22,0.6626,0.6629,,,,,,,,,,,
snr20,64,5.0,0.1,100.0,0.7,68.0000,0.4778,5.885939e-21,0.5909,0.5909,,,,,,,,,,,
snr20,64,5.0,0.1,100.0,0.85,68.0000,0.4788,5.926955e-21,0.5932,0.5933,,,,,,,,,,,
snr20,64,5.0,0.1,100.0,0.95,68.2024,0.4796,5.968678e-21,0.5947,0.5947,,,,,,,,,,,
snr20,64,5.0,0.1,150.0,0.7,68.3035,0.5407,8.690495e-22,0.6355,0.6355,,,,,,,,,,,
snr20,64,5.0,0.1,150.0,0.85,68.3035,0.5429,8.561667e-22,0.6414,0.6414,,,,,,,,,,,
snr20,64,5.0,0.1,150.0,0.95,68.3035,0.5446,8.647877e-22,0.6448,0.6448,,,,,,,,,,,
snr20,64,5.0,0.1,250.0,0.7,70.0236,0.5902,1.037117e-22,0.6531,0.6533,,,,,,,,,,,
snr20,64,5.0,0.1,250.0,0.85,68.5059,0.6004,9.864633e-23,0.6618,0.6684,,,,,,,,,,,
snr20,64,5.0,0.1,250.0,0.95,68.5059,0.6059,9.696495e-23,0.6763,0.6763,,,,,,,,,,,
snr20,64,5.0,0.2,100.0,0.7,67.7976,0.5058,1.865792e-21,0.6091,0.6091,,,,,,,,,,,
snr20,64,5.0,0.2,100.0,0.85,68.2024,0.5101,1.880081e-21,0.6171,0.6171,,,,,,,,,,,
snr20,64,5.0,0.2,100.0,0.95,68.2024,0.5122,1.879634e-21,0.6210,0.6210,,,,,,,,,,,
snr20,64,5.0,0.2,150.0,0.7,68.3035,0.5608,2.590752e-22,0.6207,0.6297,,,,,,,,,,,
snr20,64,5.0,0.2,150.0,0.85,68.3035,0.5729,2.556951e-22,0.6483,0.6483,,,,,,,,,,,
snr20,64,5.0,0.2,150.0,0.95,68.3035,0.5799,2.581902e-22,0.6632,0.6632,,,,,,,,,,,
snr20,64,5.0,0.2,250.0,0.7,68.5059,0.6431,2.416928e-23,0.6066,0.6113,,,,,,,,,,,
snr20,64,5.0,0.2,250.0,0.85,68.5059,0.6688,2.446751e-23,0.6641,0.6645,,,,,,,,,,,
snr20,64,5.0,0.2,250.0,0.95,68.5059,0.6815,2.440387e-23,0.6933,0.6933,,,,,,,,,,,
snr20,64,10.0,0.05,100.0,0.7,68.0000,0.4780,5.970769e-21,0.5911,0.5911,,,,,,,,,,,
snr20,64,10.0,0.05,100.0,0.85,68.2024,0.4793,5.948943e-21,0.5937,0.5937,,,,,,,,,,,
snr20,64,10.0,0.05,100.0,0.95,68.2024,0.4797,5.985760e-21,0.5948,0.5948,,,,,,,,,,,
snr20,64,10.0,0.05,150.0,0.7,68.3035,0.5409,8.791951e-22,0.6358,0.6358,,,,,,,,,,,
snr20,64,10.0,0.05,150.0,0.85,67.6965,0.5428,8.549711e-22,0.6413,0.6413,,,,,,,,,,,
snr20,64,10.0,0.05,150.0,0.95,68.3035,0.5447,8.686295e-22,0.6449,0.6449,,,,,,,,,,,
snr20,64,10.0,0.05,250.0,0.7,70.5295,0.5902,1.023000e-22,0.6529,0.6529,,,,,,,,,,,
snr20,64,10.0,0.05,250.0,0.85,68.5059,0.6010,9.827337e-23,0.6623,0.6682,,,,,,,,,,,
snr20,64,10.0,0.05,250.0,0.95,68.5059,0.6058,9.824158e-23,0.6763,0.6763,,,,,,,,,,,
snr20,64,10.0,0.1,100.0,0.7,68.2024,0.5064,1.887359e-21,0.6096,0.6096,,,,,,,,,,,
snr20,64,10.0,0.1,100.0,0.85,68.2024,0.5104,1.866741e-21,0.6174,0.6174,,,,,,,,,,,
snr20,64,10.0,0.1,100.0,0.95,68.2024,0.5122,1.877896e-21,0.6209,0.6209,,,,,,,,,,,
snr20,64,10.0,0.1,150.0,0.7,68.3035,0.5603,2.598112e-22,0.6200,0.6302,,,,,,,,,,,
snr20,64,10.0,0.1,150.0,0.85,68.3035,0.5733,2.589340e-22,0.6488,0.6488,,,,,,,,,,,
snr20,64,10.0,0.1,150.0,0.95,68.3035,0.5792,2.550965e-22,0.6628,0.6628,,,,,,,,,,,
snr20,64,10.0,0.1,250.0,0.7,68.5059,0.6454,2.416700e-23,0.6072,0.6114,,,,,,,,,,,
snr20,64,10.0,0.1,250.0,0.85,68.5059,0.6695,2.453967e-23,0.6643,0.6648,,,,,,,,,,,
snr20,64,10.0,0.1,250.0,0.95,68.5059,0.6818,2.472303e-23,0.6935,0.6935,,,,,,,,,,,
snr20,64,10.0,0.2,100.0,0.7,68.2024,0.5353,4.903795e-22,0.6059,0.6059,,,,,,,,,,,
snr20,64,10.0,0.2,100.0,0.85,68.2024,0.5530,4.856359e-22,0.6368,0.6368,,,,,,,,,,,
snr20,64,10.0,0.2,100.0,0.95,68.2024,0.5606,4.796844e-22,0.6518,0.6518,,,,,,,,,,,
snr20,64,10.0,0.2,150.0,0.7,68.3035,0.6253,5.628818e-23,0.6034,0.6064,,,,,,,,,,,
snr20,64,10.0,0.2,150.0,0.85,68.3035,0.6540,5.557764e-23,0.6604,0.6616,,,,,,,,,,,
snr20,64,10.0,0.2,150.0,0.95,68.3035,0.6667,5.638441e-23,0.6907,0.6907,,,,,,,,,,,
snr20,64,10.0,0.2,250.0,0.7,76.6001,0.6405,4.857090e-24,0.5463,0.5692,,,,,,,,,,,
snr20,64,10.0,0.2,250.0,0.85,59.3999,0.6163,3.470242e-24,0.6047,0.6210,,,,,,,,,,,
snr20,64,10.0,0.2,250.0,0.95,59.3999,0.6111,3.585292e-24,0.6597,0.6597,,,,,,,,,,,
snr20,64,20.0,0.05,100.0,0.7,68.2024,0.5070,1.893582e-21,0.6101,0.6101,,,,,,,,,,,
snr20,64,20.0,0.05,100.0,0.85,68.2024,0.5099,1.882280e-21,0.6169,0.6169,,,,,,,,,,,
snr20,64,20.0,0.05,100.0,0.95,68.2024,0.5120,1.877778e-21,0.6208,0.6208,,,,,,,,,,,
snr20,64,20.0,0.05,150.0,0.7,68.3035,0.5584,2.590007e-22,0.6191,0.6298,,,,,,,,,,,
snr20,64,20.0,0.05,150.0,0.85,68.3035,0.5733,2.569743e-22,0.6488,0.6488,,,,,,,,,,,
snr20,64,20.0,0.05,150.0,0.95,68.3035,0.5796,2.555039e-22,0.6630,0.6630,,,,,,,,,,,
snr20,64,20.0,0.05,250.0,0.7,68.5059,0.6431,2.415108e-23,0.6059,0.6109,,,,,,,,,,,
snr20,64,20.0,0.05,250.0,0.85,68.5059,0.6696,2.443171e-23,0.6642,0.6648,,,,,,,,,,,
snr20,64,20.0,0.05,250.0,0.95,68.5059,0.6811,2.492239e-23,0.6936,0.6936,,,,,,,,,,,
snr20,64,20.0,0.1,100.0,0.7,68.2024,0.5354,4.847303e-22,0.6056,0.6056,,,,,,,,,,,
snr20,64,20.0,0.1,100.0,0.85,68.2024,0.5535,4.824677e-22,0.6370,0.6370,,,,,,,,,,,
snr20,64,20.0,0.1,100.0,0.95,68.2024,0.5609,4.771702e-22,0.6520,0.6520,,,,,,,,,,,
snr20,64,20.0,0.1,150.0,0.7,68.3035,0.6258,5.561437e-23,0.6014,0.6055,,,,,,,,,,,
snr20,64,20.0,0.1,150.0,0.85,68.3035,0.6545,5.624953e-23,0.6612,0.6612,,,,,,,,,,,
snr20,64,20.0,0.1,150.0,0.95,68.3035,0.6666,5.612445e-23,0.6906,0.6906,,,,,,,,,,,
snr20,64,20.0,0.1,250.0,0.7,76.6001,0.6381,4.863861e-24,0.5453,0.5687,,,,,,,,,,,
snr20,64,20.0,0.1,250.0,0.85,59.3999,0.6142,3.484166e-24,0.6037,0.6209,,,,,,,,,,,
snr20,64,20.0,0.1,250.0,0.95,59.3999,0.6111,3.564376e-24,0.6596,0.6596,,,,,,,,,,,
snr20,64,20.0,0.2,100.0,0.7,66.3811,0.6304,8.441778e-23,0.5997,0.6012,,,,,,,,,,,
snr20,64,20.0,0.2,100.0,0.85,66.3811,0.6615,8.430015e-23,0.6605,0.6605,,,,,,,,,,,
snr20,64,20.0,0.2,100.0,0.95,66.3811,0.6763,8.480510e-23,0.6918,0.6918,,,,,,,,,,,
snr20,64,20.0,0.2,150.0,0.7,73.1601,0.6317,9.128175e-24,0.5274,0.5599,,,,,,,,,,,
snr20,64,20.0,0.2,150.0,0.85,73.1601,0.6149,9.463613e-24,0.6131,0.6131,,,,,,,,,,,
snr20,64,20.0,0.2,150.0,0.95,62.8399,0.6054,7.870295e-24,0.6561,0.6561,,,,,,,,,,,
snr20,64,20.0,0.2,250.0,0.7,63.9529,0.4359,7.102856e-25,0.3363,0.4445,,,,,,,,,,,
snr20,64,20.0,0.2,250.0,0.85,59.3999,0.4078,6.729605e-25,0.4307,0.4625,,,,,,,,,,,
snr20,64,20.0,0.2,250.0,0.95,59.3999,0.3878,7.171349e-25,0.4771,0.4771,,,,,,,,,,,
image,64,5.0,0.05,170.7,0.7,64.7070,0.5059,1.395177e-21,0.6137,0.6137,,,,,,,,,,,
image,64,5.0,0.05,170.7,0.85,64.4000,0.5070,1.390344e-21,0.6162,0.6166,,,,,,,,,,,
image,64,5.0,0.05,170.7,0.95,64.7070,0.5078,1.402095e-21,0.6182,0.6182,,,,,,,,,,,
image,64,5.0,0.1,170.7,0.7,64.7070,0.5443,4.715109e-22,0.6373,0.6373,,,,,,,,,,,
image,64,5.0,0.1,170.7,0.85,64.7070,0.5479,4.724442e-22,0.6447,0.6447,,,,,,,,,,,
image,64,5.0,0.1,170.7,0.95,64.7070,0.5493,4.727616e-22,0.6481,0.6481,,,,,,,,,,,
image,64,5.0,0.2,170.7,0.7,64.7070,0.5651,1.333741e-22,0.6141,0.6241,,,,,,,,,,,
image,64,5.0,0.2,170.7,0.85,64.7070,0.5828,1.330315e-22,0.6505,0.6505,,,,,,,,,,,
image,64,5.0,0.2,170.7,0.95,64.7070,0.5907,1.330185e-22,0.6682,0.6682,,,,,,,,,,,
image,64,10.0,0.05,170.7,0.7,64.7070,0.5450,4.696200e-22,0.6377,0.6377,,,,,,,,,,,
image,64,10.0,0.05,170.7,0.85,64.7070,0.5478,4.681387e-22,0.6446,0.6446,,,,,,,,,,,
image,64,10.0,0.05,170.7,0.95,64.7070,0.5496,4.713222e-22,0.6483,0.6483,,,,,,,,,,,
image,64,10.0,0.1,170.7,0.7,64.7070,0.5671,1.339547e-22,0.6150,0.6232,,,,,,,,,,,
image,64,10.0,0.1,170.7,0.85,64.7070,0.5826,1.320657e-22,0.6502,0.6502,,,,,,,,,,,
image,64,10.0,0.1,170.7,0.95,64.7070,0.5906,1.324830e-22,0.6681,0.6681,,,,,,,,,,,
image,64,10.0,0.2,170.7,0.7,64.7070,0.6423,2.775319e-23,0.5894,0.6111,,,,,,,,,,,
image,64,10.0,0.2,170.7,0.85,63.1720,0.6779,2.554109e-23,0.6550,0.6622,,,,,,,,,,,
image,64,10.0,0.2,170.7,0.95,63.1720,0.6885,2.555455e-23,0.6906,0.6909,,,,,,,,,,,
image,64,20.0,0.05,170.7,0.7,64.7070,0.5655,1.347327e-22,0.6146,0.6230,,,,,,,,,,,
image,64,20.0,0.05,170.7,0.85,64.7070,0.5834,1.348732e-22,0.6509,0.6509,,,,,,,,,,,
image,64,20.0,0.05,170.7,0.95,64.7070,0.5908,1.324705e-22,0.6682,0.6682,,,,,,,,,,,
image,64,20.0,0.1,170.7,0.7,63.1720,0.6439,2.522790e-23,0.5840,0.6119,,,,,,,,,,,
image,64,20.0,0.1,170.7,0.85,63.1720,0.6761,2.544026e-23,0.6541,0.6627,,,,,,,,,,,
image,64,20.0,0.1,170.7,0.95,63.1720,0.6886,2.552920e-23,0.6907,0.6910,,,,,,,,,,,
image,64,20.0,0.2,170.7,0.7,63.1720,0.5949,4.039587e-24,0.4550,0.5090,,,,,,,,,,,
image,64,20.0,0.2,170.7,0.85,70.2330,0.5596,5.998463e-24,0.5904,0.5904,,,,,,,,,,,
image,64,20.0,0.2,170.7,0.95,70.2330,0.5526,6.164864e-24,0.6311,0.6311,,,,,,,,,,,
VERDICT,64,,,,,,,,,,,,,,,,,,,holds,holds
